productTitle,originalPrice,price,sold,tagText,discount_percentage
Desser For Bedroom With 7 Fabric Drawers Organizer Storage Closet Chest Clothes For Living Room Display Cabinet Of Furniture,78.4,39.46,7,2,49.66836734693878
Small Unit Simple Computer Desk Household Wooden Minimalist Tea Table Wooden Minimalist Small Makeup Table Home Furniture,48.82,21.37,1,2,56.22695616550594
"3 Pieces Patio Furniture Set, Outdoor Swivel Glider Rocker, Wicker Bistro Set with Rattan Rocking Chair, Glass Top Table",1294.04,123.4,53,2,90.46397329294302
"Living Room Furniture, Modern 3-Piece Including Three-Seater, Loveseat and Single Chair,Dutch Velvet Upholstered Sofa Set",1474.17,734.58,5,2,50.16992612792283
7-piece patio furniture set modular wicker outdoor sectional sofa PE rattan outdoor set with pillowtop cushions and coffee table,671.47,331.24,39,2,50.66942678004974
Office Furniture Computer Stand 42*26cm Adjustable Foldable Laptop Holder Notebook Desks Lap PC Folding Desk Table Vented Stand,56.58,26.03,1000,2,53.994344291268995
Modern Small Bedside Table with Drawer Lock Nordic Minimalist Bedside Cabinet Storage Cabinets Nightstands for Bedroom Furnitur,98.79,49.39,1,2,50.0050612410163
Folding Desk Small Writing Desk Dressing Table Adjustable Height Space Saving Office Furniture Mobile Bookshelf,86.61,48.56,3,2,43.93257129661702
Home Furniture Shoe-shelf Headboards Shoe Cabinet Hallway Shoerack Living Room Cabinets Shoes Organizer External Storage Wheel,15.71,9.71,110,2,38.192234245703375
Simple Wardrobe Portable Large Capacity Assembly Storage Closet Bedroom Furniture Durable and Sturdy Clothes Dustproof Wardrobe,82.27,40.13,1,2,51.22158745593776
"3 Pieces Rocking Wicker Bistro Set, Patio Outdoor Furniture Conversation Sets with Porch Chairs and Glass Coffee Table, Beige",251.56,87.08,11,2,65.384003816187
Outdoor Furniture Sets Sectional PE Rattan Outdoor Furniture Patio Conversation Set with Cushions for Balcony Lawn and Garden,736.43,435.86,5,2,40.81446980704207
"Patio Furniture Outdoor Set, Terrace Sofa Set, All-weather PE Rattan with Padded Cushions, Garden Furniture Sets",665.74,393.44,16,2,40.9018535764713
"Shintenchi 5 Pieces Outdoor Patio Sectional Sofa Couch, Silver Gray PE Wicker Furniture Conversation Sets with Washable Cushions",407.85,279.49,3,2,31.472355032487435
Makeup Table With 5 Drawers & Shelves Vanity Table Set Large Vanity Desk With Mirror and Lights White and Gold Bedroom Furniture,313.69,175.94,1,2,43.912780133252575
Dressers for Bedroom Furniture Thickened Frame Dresser Vanity Table for Makeup Furnitures Hallway Kids Room Make Up Table Toilet,72.43,31.71,60,2,56.219798426066546
"Living Room Sofa Set , L Shape Modular Storage Ottoman & Chaise, Comfy Corner Sofa Cup Holder Living Room Furniture Couch Sets",983.42,584.05,1,2,40.61031909052083
Modern Small Bedside Table with Drawer Lock Nordic Minimalist Bedside Cabinet Storage Cabinets Nightstands for Bedroom Furnitur,98.79,49.39,1,2,50.0050612410163
"Sofa Bed Reversible Convertible Sleeper Pull Out Couches with Storage Chaise, Linen Fabric Furniture for Living Room, Apartment",633.27,342.3,19,2,45.94722630157752
Folding Desk Small Writing Desk Dressing Table Adjustable Height Space Saving Office Furniture Mobile Bookshelf,86.61,48.56,3,2,43.93257129661702
Air Dresser LED White Vanity Set With Stool and Power Outlet Bedroom Furniture Home Makeup Vanity Table Girls(White) Furnitures,355.38,200.12,28,2,43.68844617029658
Desser For Bedroom With 7 Fabric Drawers Organizer Storage Closet Chest Clothes For Living Room Display Cabinet Of Furniture,78.4,39.46,7,2,49.66836734693878
Simple Wardrobe Portable Large Capacity Assembly Storage Closet Bedroom Furniture Durable and Sturdy Clothes Dustproof Wardrobe,82.27,40.13,1,2,51.22158745593776
VEVOR Ergonomic Rocking Wooden Kneeling Chair Stool Correct Posture Computer Chair Original Home Office Furniture Thick Cushion,108.32,58.99,223,2,45.54098966026587
"Garden Furniture Set 7 Piece, Patio Couch Sets Chair, PE Rattan Sectional with 45"" Fire Pit Table, Garden Furniture Set",1506.07,897.64,6,2,40.39852065309049
"Cushions for Patio Furniture Replacement, Patio Furniture Cushions, Deep Seat Cushions, Outdoor Seat Cushions",449.85,263.91,15,2,41.333777925975326
Coffee Table Tv Cabinet White Kitchen Cabinets for Living Room Sets Furniture LED TV Stand for 55 Inch TV Bedroom Wall Shelves,208.94,115.19,30,2,44.86934048052073
"Set of 2 LED Nightstand with 2 Drawers, Bedside Table with Drawers for Bedroom Furniture, Side Bed Table with LED Light, White",213.67,111.74,14,2,47.7044039874573
Makeup Vanity Table Set Glass Top Makeup Vanity Table With 10x Magnifying Mirror 3 Light Settings (Modern White) Furnitures Desk,355.38,207.23,4,2,41.687770836850696
1: 12 Miniature Wooden Furniture: Wood Cabinet with Drawers Fairy Home Decoration Unpainted DIY Accessories,4.49,1.99,1,2,55.67928730512249
Outdoor Furniture Sets Sectional PE Rattan Outdoor Furniture Patio Conversation Set with Cushions for Balcony Lawn and Garden,736.43,435.86,5,2,40.81446980704207
"Patio Furniture Outdoor Set, Terrace Sofa Set, All-weather PE Rattan with Padded Cushions, Garden Furniture Sets",665.74,393.44,16,2,40.9018535764713
Patio Furniture Set 4 Pieces Outdoor Rattan Chair Wicker Sofa Garden Conversation Bistro Sets for Yard patio furniture outdoor,244.15,135.61,31,2,44.45627687896784
"3 Pieces Rocking Wicker Bistro Set, Patio Outdoor Furniture Conversation Sets with Porch Chairs and Glass Coffee Table, Beige",303.84,100.34,2,2,66.97604002106371
"7 Pieces Patio Furniture Set, Modular Patio Set Wicker Outdoor Sectional Sofa Set PE Rattan Wicker Patio Conversation Set",593.72,350.23,8,2,41.01091423566665
Makeup Table Makeup Vanity With Lights Make Up Table 2 Cabinets & Long Storage Shelf Furniture Bathroom 10 Led Lights White Desk,270.77,156.46,3,2,42.21664142999593
Nordic Coffee Table Luxury Bed Side Table Personality Outdoor Balcony Tables Minimalist Square Tea Tables Living Room Furniture,109.89,61.61,2,2,43.93484393484394
"Nightstand, 2 Drawer Dresser for Bedroom, End Tables with Fabric Storage Drawer, Small Furniture, Night Stand, Si",67.36,26.79,4,2,60.22862232779097
Smart Bedside Table Narrow Smart Nightstands Bedroom Furniture LED Ultra Narrow Smart Bedside Table with Wireless USB Charging,109.92,55.63,1,2,49.39046579330422
"4 Pieces Outdoor Patio Furniture Modern Conversation Black Bistro Set with Loveseat Tea Table for Home, Lawn and Balcony",181.98,84.99,2,2,53.297065611605674
"4 Pieces Patio Conversation Set, Outside Rattan Sectional Sofa, Cushioned Furniture Set, Wicker Sofa Ideal for Garden, Backyard",486.32,237.16,1,2,51.23375555189998
"Sofa Sectional Deep 3-Seat Couch with Ottoman,Chenille Sofa Sleeper Comfy Upholstered Furniture for Living Room,Beige Couch",1111.68,549.84,4,2,50.53972366148531
Vanity Desk With Stool Makeup Vanity Table Set 3 Color Lighting Modes Brightness Adjustable Dressers for Bedroom Furniture Girls,369.77,208.46,7,2,43.624415177001914
Small Japanese Luxury Coffee Tables Unusual Entryways Modern Corner Coffee Table Cute Round Mesa De Centro Living Room Furniture,314.56,151.28,15,2,51.90742624618515
1pc Swing chair sunshade waterproof sunscreen garden swing canopy for picnics meeting activities outdoor furniture accessories,13.35,10.85,5,2,18.726591760299627
Dressing Table for Bedroom Furniture Home 4 Cabinets & Time Display Makeup Vanity Table Set Vanity Desk With Mirror and Lights,377.01,212.67,6,2,43.590355693482934
"Patio Furniture Outdoor Set, Terrace Sofa Set, All-weather PE Rattan with Padded Cushions, Garden Furniture Sets",681.72,334.86,13,2,50.88012673825031
Light Luxury Makeup Stools Round Stool Chairs Dressing Stool Vanity Chair Storages Bench Bedrooms Sofas Side Stools Furniture,47.73,26.76,5,2,43.93463230672533
Side Bed Table With LED Light Bedside Tables for the Bedroom Furniture Generic Nightstand Set of 2 LED Nightstand With 2 Drawers,247.81,142.68,28,2,42.42363100762681
"4-Piece Patio Furniture Wicker Outdoor Bistro Set, All-Weather Chairs , Balcony and Deck with Soft Cushions and Metal Table",425.67,249.4,3,2,41.41001245095966
Flamaker 3 Pieces Patio Set Outdoor Wicker Furniture Sets Modern Rattan Chair Conversation Sets with Coffee Table,167.87,77.94,5,2,53.57121582176685
"Garden Furniture 4 Pieces Sets, Outdoor Wicker Rattan Chairs Gardens with Soft Cushion and Glass Table, Garden Furniture Set",249.6,143.76,3,2,42.40384615384616
Smart Bedside Table With Wireless Usb Led Light Nightstand Modern Style Bedroom Simple Wood Bedside Table Bedroom Furniture,108.54,60.86,1,2,43.928505620047915
"Living Room Furniture, Modern 3-Piece Including Three-Seater, Loveseat and Single Chair,Dutch Velvet Upholstered Sofa Set",1474.17,734.58,5,2,50.16992612792283
Nordic Style Inflatable Transparent Sofa Lazy Organizer Modern Armchair Couch Single Cheap Divani Soggiorno Bedroom Furniture,38.01,38.01,55,2,0.0
"7 Pieces Patio Furniture Set,Wicker Outdoor Conversation Set,Rattan Sectional Sofa Set w/Washable Cushions",591.23,289.61,11,2,51.01567917730833
Side Bed Table With LED Light Bedside Tables for the Bedroom Furniture Generic Nightstand Set of 2 LED Nightstand With 2 Drawers,254.96,146.97,27,2,42.35566363351114
"7 Pieces Patio Furniture Set, Modular Patio Set Wicker Outdoor Sectional Sofa Set PE Rattan Wicker Patio Conversation Set。",580.46,342.28,7,2,41.032973848327195
"Convertible Sectional Sofa,3 Seat L-Shaped Sofa with Linen Fabric,Movable Ottoman Small Couch,Living Room and Dark Gray Couch",375.5,181.75,19,2,51.597869507323566
7-piece patio furniture set modular wicker outdoor sectional sofa PE rattan outdoor set with pillowtop cushions and coffee table,593.19,290.59,8,2,51.01232320167233
"Patio Furniture Set 8PCS With 40"" Fire Pit Table Outdoor Sectional Sofa Set Wicker Furniture Set With Coffee Table Garden Sets",1025.04,506.52,14,2,50.58534301100445
LEEGOHOME Wardrobes Closet Cloth Bedroom Furniture 85/125/166/207x45x170cm Steel Pipe Support Storage Household,233.9,57.15,118,1,75.56648140230867
Bedside Table Simple Modern Nordic with Lock Drawer Storage Nightstand Sideboard Multi-Layer Bedroom Storage Cabinet Furniture,112.73,57.2,12,2,49.25929211390047
Makeup Vanity Furniture With Mirror Makeup Desk With Led Lighted Mirror in 3 Colors White for Bedroom Air Dresser Dressing Table,270.77,156.46,4,2,42.21664142999593
Outdoor Swing Chair Canopy Courtyard Waterproof And Dustproof Swing Sunshade Swing Top Cover Garden Patio Furniture Dust Cover,18.89,4.39,3,2,76.76019057702487
"Patio Furniture Sets, 7 Piece PE Rattan Wicker Sofa Set, Outdoor Sectional Furniture Chair Set, Outdoor Furniture Sets",679.94,673.94,17,2,0.8824308027178868
"Outdoor Furniture Patio Sectional Sofa, 7 Piece Patio Furniture Set, All Weather PE Rattan Outdoor set with Cushions and Table",805.33,396.67,12,2,50.744415332844916
New Lazy Inflatable Sofa Chairs Large Tatami Pvc Leisure Lounger Couch Seat Living Room Bedroom Dormitory Furniture,27.17,27.17,31,2,0.0
"Garden Furniture Set 7 PCS, Garden Fire Pit Table Patio Sets, No-Slip Cushions and Waterproof Covers, Garden Furniture Set",1484.31,884.59,8,2,40.403958741772264
Aluminum Patio Furniture Set 7 Pieces 7 Seat Metal Outdoor Furniture Conversation Set w/45 Propane Gas Fire Pit&Swivels,1076.22,801.16,6,2,25.557971418483216
"4 Piece Patio Furniture Set, Outdoor Wicker Conversation Sets,Rattan Sectional Sofa w/Coffee Table, for Backyard Garden Poolside",356.88,208.13,16,2,41.680676978255995
"7 Pieces Patio Furniture Set, Modular Patio Set Wicker Outdoor Sectional Sofa Set PE Rattan Wicker Patio Conversation Set",656.96,388.18,23,2,40.91268874817341
Deep Seating Patio Furniture for Garden Porch Balcony 2 Armchairs with Thick Cushion Outdoor Table Chair Set Sets Freight free,931.46,534.25,2,2,42.64380649732678
Kitchen Dining Table with 4 Chairs for Small Space Dinning Tables and Chairs Apartment Chair Dining Room Set Furniture Bedroom,198.01,112.81,8,2,43.028129892429675
"9 Piece Outdoor Dining Set, Patio Wicker Furniture Set with Acacia Wood Table Top w/Umbrella Hole, Rattan Dining Table Chairs",2497.35,493.47,4,2,80.24025466995015
"7 Pieces Patio Dining Set Outdoor Furniture with 6 Stackable Textilene Chairs and Large Table for Yard, Garden, Porch , Grey",465.93,268.74,6,2,42.321807996909406
2/3/4/5 layer Nordic Round Bedside Table Mini Cute Storage Cabinet Creative Living Room Sofa Side Table Bedroom Furniture,53.4,53.4,21,2,0.0
Vanity Desk With Stool Makeup Vanity Table Set 3 Color Lighting Modes Brightness Adjustable Dressers for Bedroom Furniture Girls,369.77,208.46,9,2,43.624415177001914
"Redlife Vanity Stool Chair with Storage Faux Fur Makeup Ottoman, Dresser Furniture with Gold Metal Legs for Bedroom & Livingroom",55.84,21.92,19,2,60.74498567335244
Living Room S Shape Inflatable Sofa Chair Cheap Single Designer Sofa Lazy Divano Home Furniture,66.17,34.68,79,2,47.589542088559774
6 Foot Folding Table In White Speckle Free Shipping Camping Chair Dining Tables Furnitures Home Furniture Desk Room Portable,105.14,57.09,11,2,45.700970135058014
Portable Wardrobes Simple Assembly Storage Closet Cabinet Large Capacity Storage Rack Dustproof Wardrobe Home Bedroom Furniture,76.28,35.19,28,2,53.867330886208705
Kid Step Stool With Non-Slip Pads Living Room Furniture Kid Non-Slip Ottoman Potty Training Stool Children Safety Training Stool,23.74,8.25,256,2,65.24852569502949
Outdoor Swing Chair Canopy Sunshade Swing Top Cover Garden Patio Furniture Dust Cover Courtyard Waterproof And Dustproof Swing,20.29,11.37,5,2,43.96254312469197
Portable Wardrobes Simple Assembly Storage Closet Cabinet Thickened Clothing Storage Rack Dustproof Wardrobe Bedroom Furniture,76.28,42.77,12,2,43.930256948086
Wardrobe Household Simple Assembly Wardrobe Bedroom Dustproof Furniture Thickened Clothes Storage Rack Sundries Organizing Shelf,76.28,36.77,14,2,51.79601468274777
"7 Piece Patio Furniture Set, Outdoor Furniture Patio Sectional Sofa, All Weather PE Rattan Outdoor set with Cushions and Table",832.78,493.67,4,2,40.720238238190156
Bedside Table Simple European Style Living Room Sofa Side Table Removable Bedroom Nightstand Hollow Bedside Tables Furniture,18.12,12.12,6,2,33.112582781456965
Dust-proof Closet Wardrobe Storage Cabinet Storage Rack Multi-functional Wardrobe Bookshelf Bookcase Bedroom Organizer Furniture,70.57,32.81,7,2,53.50715601530395
Lazy Inflatable Sofa Chairs thickened PVC Lounger Seat Tatami Bean Bag Sofas For living room Leisure Sofa Furniture Chairs,44.77,25.1,38,2,43.93567120839848
Multilayer Shoe Rack Organizer Nonwoven Fabric Hallway Entryway Stand Holder Space Saving Cabinet Home Furniture Dustproof Shelf,47.42,17.71,392,2,62.6528890763391
Folding Telescopic Stool Portable Lightweight Thickened Plastic Stools Household Round Stable Structure Chair Lounge Furniture,31.18,14.98,251,2,51.956382296343804
Clothes Hanger Multi-Ayer Shoe Rack Clothes Hanger Coat Hat Rack One Simple Door Shoe Shelf Indoor Storage Furniture Hat Hangers,92.35,45.78,8,2,50.42772062804548
Home Furniture Women's Luxury Belt Vip Luxury Bag 2023 Shoe-shelf Shoe Rack Organizer Cabinet Living Room Cabinets Shoerack,10.29,10.29,68,2,0.0
Smart Bedside Table with Fingerprint Lock Narrow Bedroom Furniture LED Ultra Smart Bedside Table with Wireless USB Charging,107.72,60.39,4,2,43.93798737467508
"Garden Furniture 8 Pieces Set with 40"" Fire Pit Outdoor Sofa Sets, Wicker Furniture Set with Coffee Table, Garden Furniture Sets",1124.88,673.43,5,2,40.13316976033
OTAUTAU Linen Bean Bag Chair with Filling Beanbag Pouf Ottoman Footstool Tatami Round Stool Futon Puff Relax Lounge Furniture,23.26,13.8,115,2,40.67067927773001
Shoe-shelf Shoerack Multilayer Shoe Rack Shoebox Bondage Furniture Plant Shelves Metal Cabinet Shoes Organizer Cabinets Space,15.4,15.4,700,2,0.0
Installation-Free Folding Wardrobe Simple Durable Steel Frame Cloth Wardrobe Bedroom Storage Rack Integrated Household Furniture,117.51,57.46,44,2,51.10203386945792
Cabinets for Living Room Shoe-shelf Home Furniture Bag Woman Cabinet Shoe Rack Organizer Handbags for Women Shoulder Bags Shoes,16.05,13.55,8,2,15.57632398753894
Bedroom Cabinets Living Room Cabinets Shoemakers Cabinet Shoe Furniture Modular Shoe Rack Shoes Organizer Shoe-shelf Shoerack,35.67,29.67,332,2,16.82085786375105
"Garden Furniture Set 7 PCS, Garden Fire Pit Table Patio Sets, No-Slip Cushions and Waterproof Covers, Garden Furniture Set",2559.3,1529.58,5,2,40.23443910444263
Travel Canvas Hammock Swings Garden Sport Yard Dormitory Bedroom Hanging Chair Patio Outdoor Home Swing Adult Leisure Furniture,35.03,29.03,19,2,17.12817584927205
Plant Shelves Shoe Cabinets Luxury Multilayer Shoe Rack Shoebox Shoerack Louis Shoes Metal Cabinet Shoe-shelf Bondage Furniture,30.07,24.07,135,2,19.953441968739607
Organization and Storage Shelves Nordic Furniture Closet Shoerack Wardrobe Garden Furniture Sets Shoe Cabinet Dresser Dressers,36.52,34.02,56,2,6.845564074479736
Transparent Table and Chair Acrylic Folding Furniture Bedroom Balcony Table Chair Combination Modern Simple Portable Furniture,52.34,29.34,28,2,43.943446694688575
Wardrobe Storage Bag Clothing Bedroom Furniture Wardrobe Collapsible Portable Suspension Cupboard Dormitory Wardrobe Hot E12171,14.31,8.31,2,2,41.92872117400419
Headboards Portable Shoe Rack Organizer Shoerack Chairs for Living Room Cabinets Home Furniture Shoe-shelf Chaise Lounge Canopy,13.95,7.95,57,2,43.01075268817204
DIY Multilayer Shoes Rack Steel Tube Shoe Cabinet Hallway Entryway Storage Rack Space Saving Stand Holder Living Room Furniture,24.91,18.91,60,2,24.08671216378964
Multi-ayer Shoe Rack DIY Clothes Hanger Coat Rack Storage Clothing Drying Rack Shoe Organizer Home Dorm Furniture Hat Hangers,55.77,25.27,147,2,54.688900842747
Cabinet Shoe Cabinets Living Room Cabinets Entrance Furniture Ultra-thin Dump Shoe Rack Kitchen Cupboards Shoe-shelf Shoerack,41.84,35.84,58,2,14.340344168260035
Bamboo Shoe Cabinet Shoes Organizers Plastic Space Saving Shoe Rack Shoerack Shoe-shelf Chessure Furniture Cabinets Cupboards,34.41,34.41,25,2,0.0
Shoes Organizer Shoe Stool Mdf Shoe Rack Organizers Garden Furniture Sets Shoerack Shelving Cabinets for Living Room Shoe-shelf,20.95,16.45,171,2,21.479713603818617
Storage Drawer Drawers Plastic Organizer Cabinet Box Closet Unit With Type Desktop Shelf Stacking Furniture Bins Chest Layer,21.24,15.24,40,2,28.248587570621464
Stackable Shoe Rack Space Saving Shoerack Organizer for Entry Door Multi-Layer Plastic living room Cabinet Furniture,12.85,8.35,44,2,35.01945525291829
Home Furniture Storage Cabinet Office Chairs for Living Room Shoerack Shoe Organizer Rack Chaise Lounge Shoe-shelf Canopy Shoes,22.17,16.17,46,2,27.06359945872801
Plastic Space Saving Shoe Rack Bamboo Shoe Cabinet Shoes Organizers Shoe-shelf Chessure Furniture Shoerack Cabinets Cupboards,31.24,31.24,29,2,0.0
Small Home Furniture End Tables Decor The Side Night Stands Pvc Wood Plastic Board Bedroom Storage Shelf,18.37,18.37,6,2,0.0
Creative Cubic Imitation Lamb Wool Funny Shoes Stool Bedroom Decorative Dices Stool Living Room Mobile Furniture Home Decoration,20.79,14.79,41,2,28.860028860028862
"Step2 Vero Pool Lounger, Fade-Resistant, Waterproof Patio Furniture, Pool Lounge Chair for Sun Shelf",248.93,185.2,1,2,25.601574739886722
1PC Mini House Night Table Model Wooden Mini Bedside Table Model Decoration Furniture,4.94,0.99,7,2,79.95951417004048
Living Room Cabinets Cheap Shoes Shoe-shelf Sneaker Mid-century Furniture Organizer Shoe Rack Folding Shoerack Shoemakers Home,35.68,33.18,64,2,7.006726457399102
Home Furniture Shoerack Coffee Tables Headboards Office Chairs for Living Room Cabinets Storage Cabinet Shoe Organizer Rack Bar,26.39,20.39,49,2,22.735884804850322
Home Furniture Storage Cabinet Office Chairs for Living Room Shoerack Shoe Organizer Rack Chaise Lounge Shoe-shelf Canopy Shoes,22.73,18.23,45,2,19.79762428508579
"8 Seating Outdoor Patio Furniture Sectional Sofa Set,All-Weather Half-Moon with Tempered Glass Table for Backyard Porch Poolside",1154.41,686.65,4,2,40.51939952010118
LEEGOHOME Wardrobes Closet Cloth Bedroom Furniture 85/125/166/207x45x170cm 26mmSteel Pipe Support Storage Household,48.79,21.43,31,2,56.07706497233039
Dressers for Bedroom Furniture Thickened Frame Dresser Vanity Table for Makeup Furnitures Hallway Kids Room Make Up Table Toilet,74.05,42.93,13,2,42.025658338960156
"REDLIFE Vanity Stool Chair with Storage Faux Fur Makeup Ottoman, Dresser Furniture with Gold Metal Legs for Bedroom & Livingroom",53.87,26.32,7,2,51.1416372749211
Simple Metal Shoe Rack Space Saving Stand Holder Hallway Entryway Shoe Organizer Living Room Furniture Modern Shoe Cabinets2021,21.89,21.89,63,2,0.0
"Patio Furniture Set, 7 Pieces Outdoor Patio Furniture with Dining Table&Chair, All Weather Wicker Conversation Set with Ottoman",2487.65,491.53,9,2,80.24119148594055
Sofa Side Table End Table Bedroom Side Table Coffee Table Home Furniture,26.22,14.7,3,2,43.93592677345538
7 Pieces Sectional Sofa Patio Furniture Sets Manual Weaving Wicker Rattan Patio Conversation with Cushion and Glass Table(Beige),688.21,386.28,1,2,43.871783321951156
Portability Foot Rest Under Desk Footrest Ergonomic Foot Stool with Massage Rollers Foot Rest for Home Office Work Fast Ship,18.32,5.0,900,2,72.70742358078603
"MUMUCC Multifunctional Foldable And Adjustable Aluminum Alloy Reading Stand With Spring Clip For Laptops, Tablets & Thick Books",49.35,26.11,3000,2,47.09219858156028
Entertainment Center TV Stand Adjustable Storage Shelves CARB Grade Particle Board 46-inch Panel Espresso,102.04,31.75,8,2,68.88475107800862
"3 in 1 Sleeper Sofa Couch Bed with USB & Type C Port, 52"" Small Modern Convertible Tufted Velvet Loveseat Sofa w/Pull Out Bed",377.24,223.85,30,2,40.66111759092355
"king size bed frame, with 4 storage drawers, Upholstered Platform Bed Frame, Solid wood slat support, No box spring required",396.09,192.04,14,2,51.51606958014593
"Egg Chair with Stand, Hammock Hanging Chair Nest Basket & Washable Cushions UV Resistant Removable,350LBS Capacity Egg Chair",164.43,92.66,30,2,43.647752843155146
"Cross Legged Office Chair Armless Wide Desk Chair with Dual-Purpose Base, Adjustable Swivel Fabric Task Vanity Home OfficeChair",101.92,54.64,22,2,46.389324960753534
"TV Stand with 36"" Fireplace, 70"" Modern High Gloss Fireplace Entertainment Center LED Lights, 2 Tier TV Console Cabinet",352.17,209.8,9,2,40.426498566033445
"Storage Ottoman Bench, End of Bed Button Tufted Ottoman Bench, Rolled Armed Ottoman Couch Long Bench for Bedroom, Living Room",282.38,163.43,3,2,42.124088108222956
"Office Chair, Gaming-Ergonomic Mid Back Cushion Lumbar Support with Wheels Adjustable Swivel Rolling, Office Chair",67.47,27.73,16,2,58.90025196383577
"Living Room Sofa - Furniture-Convertible Sectional Sofa Couch, 4 Seat Sofa Set for Living Room U-Shaped Living Room Decoration",737.32,436.39,1,2,40.81402918678458
"Vanity with Lighted Mirror - Makeup Vanity Desk with Mirror, Power Outlet and Drawers, Dressing Table With Color Lighting Modes",457.33,85.47,15,2,81.31108827323816
"7 Drawer Jumbo Chest, Five Large Drawers, Two Smaller Drawers with Two Lock, Hanging Rod, and Three Shelves, Black",380.05,207.53,2,2,45.39402710169715
"Lotus Zero Gravity Chaise Lounger, Foam Recliner for Living Room, Ergonomic Positioning for Better Relaxation, Pillow Included,",307.3,147.65,4,2,51.952489424015624
"Entertainment Stand TV Storage Shelves Display French Oak Grey/Black Composite Wood 47.24""W x 19.53""H x 15.87""D Easy Assemble",137.05,44.71,13,2,67.37686975556366
L Shaped Sofa Velvet Reversible Sectional Sofa with Storage Ottoman Convertible Cream L-Shaped Sofa Set,2985.39,292.54,41,2,90.20094527013221
"Queen/King/Full Size LED Bed Frame, with Storage Drawer and USB Port, Modern Faux Leather Upholstered Headboard",991.56,192.31,12,2,80.6053088063254
Cloakroom Bedroom Easy-to-install Freestanding Closet Metal Hanger with 4 Hanging Rods Adjustable Wardrobe Shelves,14.13,7.92,0,2,43.94904458598726
"Modway Nolan Modern Farmhouse 71"" Tall Arched Storage Display Cabinet in Black Oak Wood Grain",944.53,470.77,6,2,50.15827977936116
Computer Home Lying Book Room Comfortable Modern Simple Lifting Swivel Seat Boss Office chair,147.79,73.81,3,2,50.05751404019216
"L Shaped Sectional Sofa Set with Storage Ottoman Reversible Back Cushion W/Cupholders, Wide Convertible Upholstered Couch",764.64,376.32,27,2,50.78468298807282
"Couch Convertible Sectional Sofa Couch,4 Seat Sofa Set Grey U-Shaped Fabric Modular Sleeper with Double Chaise Memory Foam",562.95,333.27,7,2,40.799360511590734
"Vanity Makeup Mirror Desk with Stool,Makeup Vanity Set with 6 Drawers and Shelves,Vanity Table with Power Strip",329.58,155.49,8,2,52.82177316584744
"8 Drawers Dresser Fabric Dresser for Bedroom, Chest of Drawers with Fabric Bins,",77.12,32.56,9,2,57.780082987551864
Nordic coffee table living room home new high-end oval modern minimalist designer small unit creative coffee table combination,345.88,180.77,0,2,47.73620908985775
"Convertible Sectional Sofa with Storage Seat with Reversible Chaises Couches with Ottomans, U Shaped Convertible Sectional Sofa",1323.7,788.22,7,2,40.45327491123366
"White Vanity Desk with Mirror, Lights and Charging Station - Large Makeup Table Set with RGB Cabinets and 3 LED Light Modes",950.85,188.67,11,2,80.15775358889415
Wooden Lift Top Coffee Table Living Room with Storage Shelf Modern Design Home Office Dining Hidden Compartment Easy Assembly,114.27,36.28,5,2,68.25063446223855
"Modern LED TV Stand for Televisions up to 70 Inch with Glass Shelves and Drawer, Gaming Entertainment Center with Multiple",196.39,111.83,8,2,43.057182137583375
"Accent Chair with Ottoman, Teddy Fabric Comfy Chair and Storage Ottoman Set,Reading Chair with Adjustable Backrest & Side Pocket",268.3,128.15,6,2,52.23630264629146
2023 New Mainstays 6-Cube Storage Organizer,60.68,24.34,33,2,59.887936717205015
Folding Computer Desk Simple Study Desk with Wheels Minimalist Bookshelf Integrated Office Table Foldable Student Computer Table,64.84,36.35,81,2,43.938926588525604
LEEGOHOME Wardrobe 105x45x170cm 26mm Painted Alloy Steel Pipe ABS Interface Wholesale Purchasing Cloth Wardrobe 5-7Days Delivery,27.78,7.89,18,2,71.59827213822894
"55 Inch Convertible Sleeper Sofa 3 in 1 Velvet Small Loveseat with Pull Out Bed, Reclining Backrest, Toss Pillows and Pockets",1075.56,209.11,34,2,80.55803488415337
GIANXI Summer Outdoor Rollaway Bed Single Bed Simple Office Rollaway Chair Nap Bed Cotton Padded Recliner Accompanying Cot,63.21,29.44,42,2,53.4250909666192
Household Universal Wheel Small Stool 360 Degree Rotating Children Pulley Low Stool Walking Round Chair supplies For Rental Room,13.67,7.67,134,2,43.891733723482076
"Mid Century Modern Accent Chair, Single Fabric Lounge Reading Armchair with Solid Wood Frame, Easy Assembly Arm Chairs for",183.29,85.64,14,2,53.276228926837256
"Dresser with 9 Drawers for Bedroom Fabric Storage Tower, Organizer Unit Sturdy Steel Frame, Wooden Top & Easy Pull",103.62,47.31,3,2,54.34279096699479
"LED Bed Frame with 4 Storage Drawers, Built in Charging Station, Noise-Free/Metal Support/No Box Spring Needed, Bed Frame",322.47,187.48,8,2,41.8612584116352
Mobile Coffee Table Bamboo Rattan Eco-Friendly Craft Log Style Foldable Nightstand Coffee Table Living Room Desk,60.26,33.79,1,2,43.92631928310654
Intelligent Bedside Table With Narrow Simple Led Ultra Narrow Smart Bedsides Cabinet With Wireless USB Charging Bedside Table,108.54,56.36,47,2,48.07444260180579
Portable Wardrobe Closet Heavy Duty Hanger Freestanding Closet Metal Hanger with 4 Hanging Rods Adjustable Wardrobe Shelf,10.95,0.99,2,2,90.95890410958903
"Nightstand 3 Drawers with Open Storage,Side Tables Bedroom with Charging Station,Bedside Table with Drawers,White",106.66,47.33,4,2,55.625351584474025
"Furinno JAYA Large Entertainment Stand for TV Up to 55 Inch, Blackwood",94.03,50.42,10,2,46.37881527172179
"sofasSet, Modular Sectional Sofa with Reversible Chaises,Square Armrests and Comfortable Padded Backrests, L Shaped Corner Sofá",424.33,248.6,16,2,41.41352249428511
"Modern 4 Drawer Dresser with Cut-Out Handles, Accent Storage Cabinet for Living Room, Entryway, Hallway, White",204.02,96.01,1,2,52.940888148220765
"Home Mesh Office ,Ergonomic Desk ,Mid Back Computer ,Task Rolling Swivel Chair, Lumbar Support Arms Modern Executive",72.0,40.08,4,2,44.333333333333336
"Portable Closet Wardrobe for Hanging Clothes with 2 Hanging Rods and 8 Storage Organizer Shelves,Sturdy Large Wardrobe Clo",58.86,23.43,1,2,60.19367991845056
"Convertible Sectional 3 L-Shaped Couch Soft Seat with Modern Linen Fabric, Space-Saving Sofas for Living Room, Apartment, 70''",363.64,215.68,1,2,40.68859311406886
"Queen Bed Frame, with 3 Drawers Storage Headboard and Charging Station,Upholstered Platform Bed",411.94,199.97,3,2,51.45652279458174
"Criss Cross Chair with Wheels, Cross Legged Office Chair Armless Wide Desk Chair with Dual-Purpose Base",136.53,55.57,1,2,59.29832271295686
"Bed Frame, Velvet Upholstered, Headboard and Headboard with Rolling Wing Back, No Springs Required, Easy To Assemble, Bed Frame",744.64,366.32,9,2,50.80575848732274
"Sweetcrispy Plus Home Office Chair, Desk Chair Leather Chair with Armrests, Adjustable Swivel Rolling Chair with Wheels",116.35,63.81,6,2,45.156854318865484
LEEGOHOME Wardrobe 130cmx45x170cm 26mm Steel PipeAssembly Hanging Clothes Bold Simple Oxford Cloth Wardrobe,33.34,10.67,15,2,67.99640071985603
"Bedstead Headboard with 2 Layers of Storage, Metal Platform Bed Frame with 4 Storage Drawers, Built-in Charging Station and LED",369.84,178.92,5,2,51.62232316677482
"Adjustable Vanity Stool for Makeup Room, Black Faux Leather Chair, 360 ° Swivel Vanity Stool",57.51,33.11,2,2,42.42740392975134
Portable round Folding Chair Accordion Chair Height Adjustment Simple Tool Elephant Swing Playground Queue Chair,32.07,12.28,10000,2,61.70876208294356
"Office Chair, Modern Adjustable Faux Leather Swivel Offices Chairs with Wheels, Office Chair",100.58,54.35,7,2,45.963412209186714
"Monitor Stand for 13-32 inches Screens, Dual Monitor Mount Gas Spring, Dual Monitor Arm Full Motion Adjustable",144.96,66.68,900,2,54.001103752759384
Bay Window Tables Simple Bedroom Makeup Table Coffee Table Living Minimalist and Modern Multifunctional Small Dressing Tables,47.19,26.46,9,2,43.928798474253014
Stylish Shoe Rack Metal Simple Shoe Shelf Footwear Organizer Stand Holder Space-saving Black Shoe Shelf for Living Room,32.72,13.64,2000,2,58.31295843520782
"Bamboo metal platform bed frame with headboard, no springs required, easy to assemble, twin beds",158.71,73.35,8,2,53.783630521076184
"3 Drawer Sliding Barrel Modern Bedroom Nightstand, Pink",47.9,29.45,4,2,38.51774530271398
"YILQQPER Dresser for Bedroom TV Stand with Power Outlets and LED Light, 6 Drawers Dresser with Side Pockets & Hooks",176.27,83.9,16,2,52.4025642480286
Porch Swing Canopy Replacement Waterproof Swing Top Cover Garden Swing Seat Replacement Canopy Sun Shade Awning Cover,10.82,4.82,17,2,55.45286506469501
"Dresses 10 Drawers, Bedroom Chest of Drawers with Side Pockets and Hooks, Sturdy Steel-framed Vanity, PU Storage Dresses",158.82,67.38,2,2,57.57461276917265
"71 ""Portable wardrobe storage rack with shelves",21.69,15.69,6,2,27.662517289073314
"King Size Bed Frame, 65"" Velvet Upholstered Bed Frame",591.77,349.06,20,2,41.01424539939503
Creative Dice Chair Stool Fashionable Thickened Dice Rubik's Cube Stool Entrance Shoe Replacement Living Room Sofa Stool,26.92,9.07,2,2,66.3075780089153
Dresser for Bedroom With 8 Drawer Dressing Table TV Stand Dressers Chest of Drawers for Living Room Hallway Entryway White the,313.14,181.88,5,2,41.91735326052245
1PC Portable Wardrobe Closet Heavy Duty Hanger Freestanding Closet Metal Hanger with 4 Hanging Rods Adjustable Wardrobe Shelf,14.13,7.92,0,2,43.94904458598726
"Queen size upholstered bed frame, Queen bed frame with 3 drawers, Queen size bed frame with headboard",482.4,236.7,12,2,50.93283582089553
Folding Step Stool Portable Chair Seat For Home Bathroom Kitchen Garden Camping Chair Seat Fishing Household Picnic Chair,30.53,10.79,10,2,64.6577137242057
"Office Chair High Back Computer Desk Chair, PU Leather Adjustable Height Modern Executive Swivel Task Chair with Padded",131.54,58.45,7,2,55.56484719476965
"Dresser, Illuminated Mirror, Adjustable Brightness, Dresser with Drawers, Women's Dresser, White Tocadores Para El Dormitorio",351.25,169.62,9,2,51.70960854092527
"White Vanity Desk with Mirror, Lights and Charging Station - Large Makeup Table Set with RGB Cabinets and 3 LED Light Modes",449.93,226.97,14,2,49.55437512501945
European Style Bedside Modern Minimalist Mini Storage Rack Living Room Small Square Table Magazine Table Small Coffee Table,33.2,12.61,50,2,62.018072289156635
Movable Computer Table Living Room Bedroom Leisure Side Laptop Desk Table Household Height Adjustable Standing Laptop Desks,51.8,22.49,35,2,56.58301158301159
"56.5"" W Modern Loveseat 2 Seater Sofa Luxurious Velvet Fabric Couch with Gold-Tone Metal Arms and Legs for Bedroom, Studio Pink",206.95,118.17,11,2,42.89925102681807
"Sofa SetPaPaJet 112 inch Oversized Sofa, Sectional Sofa with USB Ports, U Shaped Sofa Couch with Storage Chaise, Corduroy Grey",1411.9,841.14,1,2,40.424959274736175
43 Inch Folding Ottoman Storage Bench Hold Up 700lbs Faux Leather with Memory Foam Seat Footrest Padded Upholstered Stool,104.72,44.27,13,2,57.72536287242169
New Wholesale Simple Shoe Rack Multi-layer Space-saving DIY Household Organizer Multi-functional Economic Shoe Storage Racks,10.59,0.99,43,2,90.6515580736544
"Queen Size Bed Frame with LED Upholstered Platform and Storage Drawers, USB Ports, Dark Grey Bed Frame",455.45,197.9,18,2,56.54846854759029
"Footstool, Foldable Velvet Storage Bench, 2 Extra Storage Boxes, 660 Lb Load Capacity, Storage Ottoman",119.48,53.74,6,2,55.021760964178114
"Farmhouse 9 Drawers Dresser, Wood Dresser for Bedroom Wide Chest of Drawers, French Country Storage Double Dressers Organizer",580.54,288.77,1,2,50.25838012884556
PU Leather Upholstered Queen Bed Frame With Deep Button Tufted Headboard and Headboards Bedroom Black Platform Bed Frame,660.11,390.07,4,2,40.90833345957492
Small Gaming Desk with Power Outlets LED Light 43 Inch L Shaped Computer Desk with Monitor Stand Storage Shelves Reversible,198.12,93.06,5,2,53.028467595396734
"Nightstand with Charging Station, Dresser 3 Fabric Chest of Drawers, Storage for Bedroom, Hallway, Closet,",87.19,35.12,3,2,59.72015139350844
Large Lazy Inflatable Sofa Chairs PVC Lounger Seat Bean Bag Sofas Pouf Puff Couch Tatami Living Room Supply,45.71,18.69,197,2,59.11179173047473
"WLIVE Wide Dresser with 6 Drawers, TV Stand for 50"" TV, Entertainment Center with Metal Frame, Dresser for Bedroom",102.4,56.94,4,2,44.39453125000001
"Wooden TV Stand Up to 50"" TVs Black Contemporary Media Console 37.4 lbs 47.63 x 15.55 x 22.79",105.68,37.6,3,2,64.42089326267978
"White Nightstand, Mid Century Modern Small Bedside Table End for Bedroom with 2-Tier Storage,",90.84,36.65,4,2,59.654337296345226
Round Side Table with Lower Shelf End Rustic Walnut Nightstand Living Room Bedroom Farmhouse Vibe ULET283T41 15.8 x 15.8,80.48,28.28,1,2,64.86083499005964
Simple Shoe Rack Multi-Layer Household Shoe Cabinet Rental Student Dormitory Door Space-Saving Multi-Function Shelves,25.29,8.18,2,2,67.65519968366944
Household Bedroom Wardrobe Portable Assembly Storage Closet Large Capacity Bedroom Dustproof Wardrobe Simple Assembly Wardrobe,55.22,24.96,1,2,54.79898587468308
"Faux Leather/Linen Fabric Sectional Sofa Couch, Modern L-Shaped Modular Couch Upholstered 3/6 Seaters Living Room Sofa Couch",1620.8,318.16,14,2,80.37018756169793
"King Size Bed Frame and 65"" Headboard, Upholstered Beds with Golden Plating Trim, No Box Spring Needed, Bed Frame",468.01,274.81,4,2,41.2811692057862
"Prepac Double Drawer Dresser, 52.5"" W x 29.5"" H x 16"" D, Simple Black，Multiple colors to choose from",392.95,190.47,8,2,51.52818424735971
"2 Drawer Nightstand for Bedroom, Mid Century Modern End Table with Charging Station USB Ports and Outlets for Living Room",131.36,59.68,3,2,54.56760048721072
Bench Seat Shoe Storage Cabinet Organizer Two-Tier Flip Drawer Narrow Entryway Closet White 11.8 x 23.8 x 19.1 Inches,112.27,35.92,4,2,68.00570054333303
"Queen Upholstered LED Bed Frame with 2 Storage Drawers, Velvet Platform Bed with Wingback Headboard",673.24,335.12,7,2,50.222803160834175
"Fabric Dresser with 7 Drawers - Storage Tower Organizer Unit for Bedroom, Living Room, Closets - Sturdy Steel Frame, Wooden Top",85.05,40.78,26,2,52.0517342739565
Portability Foot Rest Under Desk Footrest Ergonomic Foot Stool with Massage Rollers Foot Rest for Home Office Work Fast Ship,17.87,8.04,1000,2,55.00839395635143
Low Roller Seat Stool Low Noise Sturdy Swivel Rolling Stool Pulley Wheels Stool for Kitchen Fitness Garage Office Barber Shop,16.49,13.99,10,2,15.160703456640379
"Stylish Metal Shoe Rack, Simple Shoe Shelf, Footwear Organizer, Stand Holder, Space-saving Black Shoe Shelf for Living Room",24.12,7.27,65,2,69.85903814262024
"Vanity Table Set with Mirror 2 Storage Drawer Makeup Desk Cushioned Stool Set Modern Dressing Vanity Table for Bedroom, White",135.02,102.02,1,2,24.44082358169161
"5 Drawers Dresser Fabric Dresser for Bedroom, Long Dresser with Wood Top for Bedroom, Closet, Entryway, Black",64.68,30.84,3,2,52.319109461966605
GIANXI Summer Camp Bed Folding Chair Office Nap Bed Recliner Napping Appliance Accompanying Bed Folding Bed With Cushion,72.19,35.98,13,2,50.159301842360435
2PC Leather Dining Chair Iron Modern Simple Sponge Backrest Chair Home Nordic Leather Dining Room Chairs,125.6,70.42,38,2,43.93312101910828
Low Rolling Stool Mini Ground Stool 360 degree Rolling Adjustable Round Rolling Stool With Wheels Household Walking Round Chair,14.62,8.62,2,2,41.03967168262654
Smart Bedside Table with Fingerprint Lock Large Capacity with Drawers LED Ultra Smart Bedside Table with Wireless USB Charging,109.65,52.12,1,2,52.46694026447789
"Living Room Sofa, Convertible Sectional Sofa, L-shaped Storage Sofa, Ottoman-style Small Space Reversible Sectional Sofa",809.32,350.1,6,2,56.74146196807196
Modern Bedside Table with Wireless Charging USB Ports LED Lights 3 Drawers Black Nightstand,164.08,54.71,6,2,66.65650901999025
Under Desk Footrest Ergonomic Foot Stool with Massage Rollers Max-Load 120Lbs Desk Leg Rest Pain Relief for Home Office Work,13.37,7.37,150,2,44.876589379207175
"Velvet Dining Chairs Set of 6, Upholstered Dining Room Chairs with Ring Pull Trim and Button Back, Luxury Tufted Dining C",203.59,95.79,23,2,52.94955547914927
Rocking Chair Lazy Technology Cloth Lounge Chairs 5 Angle Adjustment Detachable Washable Relaxation And Comfort Recliner Chair,132.06,74.04,68,2,43.93457519309404
"GTPLAYER Gaming Chair, Computer Chair with Footrest and Bluetooth Speakers, High Back Ergonomic Gaming Chair, Reclining",272.9,133.18,7,2,51.19824111396115
24cmx20cmx18cm Portable Step Stool Durable Plastic Stool With Comfortable Handle Folding Stool For Adults Children,7.47,7.47,10,2,0.0
"65"" W Makeup Vanity Desk with Mirror and 3-Color Lights, 8 Drawers Vanity Table with Side Storage Shelf, Bedroom Dressing Table",813.07,161.11,9,2,80.18497792318004
PP Folding Stools Portable Lightweight Chairs For Picnic BBQ Beach Bathroom Kitchen Office Garden Camping Fishing Outdoor,7.27,1.27,9,2,82.53094910591471
"Living Room Sofa, Oversized Sofas-85inch 3Seater Sofas Comfy for Living Room Sofa, Bouclé Couch",624.01,369.91,2,2,40.72050127401804
"Spacious Wardrobe with Dustproof Cover - Durable Steel Frame - Ideal for Bedroom, Dorm, Entryway Organization",65.04,29.12,36,2,55.227552275522754
Bay Window Dressing Table Small Unit Type Simple Bedroom Makeup Table Minimalist and Modern Small Dressing Table,46.45,21.05,1,2,54.68245425188375
US Inventory Modern Living Room Lounge Chairs Arm Chair with Ottoman Stool Genuine Leather,619.0,563.48,22,2,8.969305331179319
"Corner TV Stand & End Table Set Espresso/Black Simple Design Fits up to 46"" Flat Screen Plenty of Storage Sturdy Assembly Set of",156.95,52.07,2,2,66.82382924498248
"Living Room Chair, Modern Gray Velvet Bucket Shaped Special Chair, Soft Padded Armchair, Bedroom Single Person Sofa",326.38,160.69,7,2,50.76597830749433
Kids Pod Swing Seat without Cushions Folding Hanging Hammock Hanging Swing Seat Child Hammock for Indoor Outdoor Suspension Seat,11.85,6.64,2,2,43.9662447257384
"Velvet Dining Chairs Set of 4, Woven Upholstered Dining Chairs with Gold Metal Legs, Modern Accent Chairs for Living Room",917.39,177.48,12,2,80.65381135612989
Portable Plastic Folding Stool Cartoon Stool Outdoor Fishing Children Stool,7.9,1.34,9,2,83.0379746835443
Computer Desk Writing Study Office Gaming Table Modern Simple Style Compact with Side Bag Headphone Hook Easy Assembly,62.72,33.66,6,2,46.332908163265316
1 set - Household Simple Multi-layer Space-saving X-shaped Shoe Rack Multi-functional Assembly Shoe Cabinet Dust-proof Storage R,19.37,5.49,64,2,71.65720185854414
J28 Light luxury stool wholesale household chair stackable round stool internet celebrity dining table stool simple round stool,28.58,27.08,15,0,5.248425472358293
Bedroom Organizer Fabric Dresser 8-Drawer Chest Closet Living Room Storage,102.24,36.33,8,2,64.46596244131455
"Fameill Vanity Desk with Mirror and Lights, White Vanity Table with 3 Color Lighting, Makeup Vanity Desk with Charging Station",384.58,190.14,3,2,50.55905143273181
2PC Leather Dining Chair Iron Modern Simple Sponge Backrest Chair Home Restaurant Hotels Nordic Leather Dining Room Chairs,127.67,65.58,4,2,48.63319495574528
"WLIVE 9-Drawer Dresser, Fabric Storage Tower for Bedroom, Hallway, Nursery, Closet, Tall Chest Organizer Unit for Kids Bedroom",119.68,65.81,21,2,45.01169786096257
"Dressing Table with Illuminated Mirror, Dressing Table with Storage Shelves and 4 Drawers, 10 LED Lights, White, Bedroom Dresser",319.43,134.55,7,2,57.878095357355285
Bedside Table with 2 Drawers Modern End Table Metal Frame Storage Side Table White,124.65,44.62,4,2,64.20377055756117
"King LED Bed Frame with 4 Storage Drawers, Modern Velvet Upholstered Platform Bed with 55 Tall Heart Shaped Headboard, Beige Bed",693.96,410.38,2,2,40.86402674505736
Dustproof Wardrobe Household Bedroom Multipurpose Storage Rack Simple Assembly Storage Cabinet Rental Room Multi-layer Wardrobe,32.5,26.5,63,2,18.461538461538463
"Modern Upholstered Sectional Sofa Couch Set,Modular L Shaped Living Room Sofa Set,Convertible Sofa Couch with Reversible Chaise",2760.04,546.01,4,2,80.21731569107693
Feet Stool Chair Under Desk Footrest Foot Resting Stool With Rollers Massage Foot Stool Under Desk For Home Office Toilet,12.01,6.01,16,2,49.958368026644465
"84""W Modern Couch with Deep 3-Seat, Full Handcrafted Button Tufted and Wide Rolled Arms, 3 Seater Sofa in Linen Upholstered",1632.54,320.51,8,2,80.36740294265378
Electric Stand Up Desk Workstation Whole-Piece Desktop Ergonomic Height Adjustable Standing Desk With Cup and headphone holder,272.68,152.7,354,2,44.0002933841866
Vanity Chair Pink Velvet Cushion Gold Butterfly Makeup Leisure Chair Living Room Makeup Stool Chair Seat W/ Golden Metal Legs,37.21,23.4,18,2,37.11367911851654
"Shoe Cabinet for Entryway, Black Slim Shoes Cabinet with 3 Flip Drawers Narrow Shoes Storage Cabinet Freestanding Shoe Organizer",155.48,87.29,3,2,43.85773089786467
Floating Window Japanese Tatami Small Unit Type Minimalist and Modern Low Long Table Small Low Table Bedroom Makeup Office Desk,46.45,19.55,1,2,57.91173304628633
"Creative Small Board Stool, Cute Rabbit Ears Solid Wood Small Stool, Decorative Stool children chair",67.68,31.95,85,2,52.79255319148937
"Farmhouse Makeup Vanity Desk with Lighted Mirror & Power Outlet, Vanity Dresser Table with 3 Lighting Modes Brightness",395.29,200.1,7,2,49.37893698297453
"Velvet Upholstered Platform Bed, LED Bed Frame, with 4 Storage Drawers, Tufted Headboard",434.16,211.08,8,2,51.3819789939193
"Convertible Sectional Sofa,3 Seat L-Shaped Sofa with Linen Fabric,Movable Ottoman Small Couch,Living Room and Dark Gray Couch",375.5,181.75,19,2,51.597869507323566
Living Room Chairs Acrylic Transparent Fashion Folding Chairs Household Transparent Folding Chair Fashion Crystal Dining Chair,74.6,41.83,1,2,43.92761394101877
Wood Shoe Rack Multi-layer Easy To Assemble Space Saving Bamboo Simple Shoe Rack Narrow Shoe Cabinets Shelves Entryway Bedroom,59.52,33.37,1,2,43.934811827957
"Office Computer Desk Chair, Ergonomic Mid-Back Mesh Rolling Work Swivel Task Chairs with Wheels, Comfortable Lumbar Support, Com",86.67,38.2,4,2,55.92477212414907
Under Desk Footrest with Massage Surface Ergonomic 6 Height Position Adjustable Foot Stool with Firm Non-Slip Legs for Home Offi,17.9,4.62,24,2,74.1899441340782
Computer Desk L Desks - Gaming Desk Corner Desk Writing Desks PC Table with Headphone Hook CPU Stand Home,101.95,49.47,13,2,51.47621383030898
Double Rocking Chair Sofa Chair Modern Foldable Adjustable Bedroom Balcony Living Room Lazy Comfortable Adult Recliner,133.64,74.93,16,2,43.931457647410944
Small Low Table Bedroom Makeup Office Desk Floating Window Japanese Tatami Small Unit Type Minimalist And Modern Low Long Table,46.45,26.04,2,2,43.93972012917116
"Living Room Chair Set of 2, Velvet Accent Chairs Armchair with Lumbar Pillow, Vanity Chairs with Golden Legs, Living Room Chair",611.82,365.59,1,2,40.245497041613554
Modern Faux Leather/Velvet Office Desk Chair with Low/Mid-back/with Wheels Modern Office Chair Adjustable Home Computer Chair,360.47,66.09,24,2,81.66560324021415
"Footstool, Modern Velvet Round, Powder Room Makeup Chair, Makeup Bench Footstool with Gold Legs Modern Feature Footstool",54.15,21.08,1,2,61.07109879963066
KKTONER Mid Back PU Leather Height Adjustable Swivel Modern Task Chair Computer Office Home Vanity Chair with Wheels (White),109.64,55.47,9,2,49.407150674936155
Video Racing Seat Height Adjustable With 360°Swivel and Headrest for Office or Bedroom Gamer Chair Computer Armchair Gaming,176.67,100.0,1,2,43.39729439067187
Dresser for Bedroom with 12 Drawers Tall Dressers & Chests of Drawers for Bedroom Dresser for Closet Wooden Top & Metal Frame,180.32,93.18,13,2,48.325199645075415
"Dining Room Chairs Set of 6, Velvet Tufted Dining Chairs with Nailhead Back and Ring Pull Trim, Upholstered Dining Chairs",709.46,265.09,11,2,62.634961801933876
2PC Leather Dining Chair High Load-bearing Capacity Metal Frame Sponge Backrest Chair Home Nordic Leather Dining Room Chairs,150.55,78.41,1,2,47.917635337097316
"LED Bed Frame, Adjustable Headboard, Light up with Type-C & USB Charging Station, Upholstered Metal Bedframe, Bed Frame",367.78,214.67,5,2,41.6308662787536
"L Shaped Computer Desk Wood Corner PC Gaming Table with Side Storage Bag for Home Office Small Spaces, White",109.77,53.38,32,2,51.371048556071784
Lazy Rocking Chair Washable Technology Cloth Recliner Chair 5 Angle Adjustment Detachable Relaxation And Comfort Lounge Chairs,141.33,79.24,210,2,43.932639920752855
1 folding chair for home and outdoor use Convenient,11.59,0.99,85,2,91.458153580673
Set of Tables and Chairs for Dining Room Set Leviton Urban Style Counter Height Dining Set: Table and 6 Chairs Chair Grey Sets,1093.19,649.92,4,2,40.54830358858021
"Modern Lift Top Coffee Table Hidden Compartment Storage Shelf Wooden Living Room Office P2 MDF 39""x28""x24"" Black",123.45,44.18,2,2,64.212231672742
Folding Step Stool Bathroom Stool Non-Slip Design Compact Foldable Step Stool For Bathroom Bedroom Kitchen Outdoor Fishing,7.68,1.68,5,2,78.125
Foldable Lift Bed Small Table Home Learning Desk Simple Bedroom Computer Window Dormitory Student Table Laptop Computer Desk,38.97,32.97,51,2,15.396458814472672
Simple Shoe Rack Metal Shoe Shelf Footwear Rack Living Room Space Saving Organizer Stand Holder Black Shoe Shelf,14.14,14.14,14,2,0.0
Small Stool Portable Multifunctional Step Stool Shower Bench Potty Stool for Adults and Kids Apartment Bedside Kithchen Bathroom,11.58,5.58,132,2,51.813471502590666
"Grey Couch Convertible Sectional Sofa Couch,4 Seat Sofa Set U-Shaped Fabric Modular Sleeper with Double Chaise Memory Foam",754.72,446.83,27,2,40.795261818952724
Computer Chair Managerial Executive Office Chair Gaming Gamer Desk Armchair Relaxing Backrest Ergonomic Swivel Massage Pc,389.52,227.71,10,2,41.54087081536249
"Home Folding Stool, Heavy Collapsible Padded Round Metal Stool Recreation Game Room, Black",22.54,9.78,5,2,56.61047027506655
"MUMUCC Multifunctional Foldable And Adjustable Aluminum Alloy Reading Stand With Spring Clip For Laptops, Tablets & Thick Books",47.7,21.94,3000,2,54.00419287211739
1/2/3PCS Plastic Folding Step Stool Portable Foldable Outdoor Dining Stool Multi Purpose Step Stool for Home Office Bathroom,26.56,8.34,1,2,68.59939759036145
Door opening simple fabric wardrobe for home hanging clothes Fabric wardrobe 112CM with 3 storage boxes available,88.31,82.31,0,2,6.794247537085267
Office Foot Rest under Desk Foot Stool Support Desk Step for Work Home Study Computer,10.76,4.76,3,2,55.762081784386616
Lazy Rocking Chair Technology Cloth Lounge Chairs Detachable Washable 5 Angle Adjustment Relaxation And Comfort Recliner Chair,141.01,73.06,26,2,48.18807176795971
Computer Armchair Girlfriend Computer Gaming Chair Pink Gaming Chair With Footrest Sister Wife and Love (Pink) Desk Gamer Office,250.27,144.16,6,2,42.39820993327207
"US BestOffice Gaming Desk Computer Desk 47""x 23"" Home Office Desk Extra Large Modern Ergonomic Black PC Carbon Fiber Table",87.12,37.56,3,2,56.8870523415978
Wooden Outdoor Folding Picnic Table With Glass Holder Round Foldable Desk Wine Glass Rack Collapsible Table for Garden Party,7.87,1.87,7,2,76.23888182973316
"Nightstands Set of 2, End Side Table with Drawer, Bedside Table with Shelf for Living Room Bedroom",66.24,26.46,4,2,60.05434782608695
Lazy Couch Penguin Rocking Chair Adult Lounge Snail Balcony Home Indoor Leisure Rocking Chair Lounge Chair Rocking sofa daybed,534.03,234.32,18,2,56.122315225736386
"Convertible Sectional Sofa Couch, 4 Seat Sofa Set for Living Room U-Shaped Modern Fabric Modular Sofa Sleeper with Double Chaise",703.51,345.76,31,2,50.85215561967848
LEEGOHOME Wardrobe 110/130/150/170x45CMx170CM Closet Wardrobe with 23MM Steel Pipe Bedroom Foldable Cloth Wardrobe,36.12,15.56,22,2,56.92137320044296
"67 in Portable Closet Wardrobe for Hanging Clothes, Wardrobe Closet , 4 Hanging Rods and Side Pockets, 8 Storage Shelves",67.52,26.41,7,2,60.88566350710901
High Quality Outdoor Rocking Chair Rain Shelter Garden Swing Garden Waterproof Dustproof Lounge Chair Sun Shade Canopy,14.82,2.31,8,2,84.41295546558703
Kids Pod Swing Seat Hammock Chair Children's Hanging Chair Durable Outdoor Garden Patio Swing Folding Hanging Hammock Chair,9.93,5.89,12,2,40.684793554884195
Foldable Shoe Storage Box Stackable Dustproof Transparent Living Room Sneaker Cabinet For Closet Multi Layer Cubby Shoes Rack,64.4,30.11,11,2,53.245341614906835
Double door folding simple cloth wardrobe thickened and thickened 19mm steel pipe single person storage wardrobe,70.32,64.32,0,2,8.532423208191126
30-inch Faux Leather Folding Storage Ottoman with Padded Lid or Bench with Removable Bin for Living Room or Bedroom,37.14,21.5,6,2,42.110931610123856
Transparent Folding Chair Acrylic Minimalist Modern Dining Chairs North Europe Style Lightweight INS Transparent Photo Chairs,52.34,29.34,93,2,43.943446694688575
Acrylic Transparent Coffee Table Clear Drink Table Small Round End Modern Living Room Side Table Acrylic desk Home Decorations,37.26,31.26,112,2,16.10305958132044
1pc Outdoor Camping And Fishing Hand Bag Chair Rainbow Portable Plastic Circular Folding Chair Retractable Queue Chair,17.71,11.71,6,2,33.879164313946916
"Bed Frame with Wingback, Upholstered Beds Frames with Diamond Tufted Headboard and Footboard, No Box Spring Needed, Bed Frame",296.4,171.84,3,2,42.0242914979757
"Upholstered Queen Platform Bed Frame, With 4 storage drawers and headboard, Diamond sewn button tufting, Base wood slat support",370.75,179.38,11,2,51.61699258260284
"TV stand, LED lighting entertainment center, modern live fireplace with high-gloss storage cabinets",365.59,176.79,3,2,51.64255039798682
Multilayer Dustproof Shoe Shelf Organizer for Closet Shoe-shelf Stackable Shoe Rack Large Closet Shoe-shelfs Shoes Storage Racks,42.37,23.76,2,2,43.92258673589804
"9-Cube Storage Organizer, White, Bookcase, Display Shelf Cube Storage for Bedroom, Hallway, Office, Living Room Cabinet",86.1,41.36,3,2,51.96283391405342
"Convertible Sectional Sofa Velvet L Shaped Couch Reversible 4 Seat Corner Sofas for Small Apartment,Velvet Black Sofa",3265.13,647.03,24,2,80.18363740494254
"HAIOOU Coffee Table, Mid Century Modern Style Cocktail Table TV Stand with Drawer, Open Storage Shelf",101.74,58.09,2,2,42.90347945744053
Wooden Small Stool Bedside Step Stool Indoor Mobile Step Stool Foot Stool Bathroom Toilet Wooden Stool Ornament,12.08,6.08,3,2,49.668874172185426
"1pc hammock, outdoor camping leisure anti-rollover duck bill buckle hammock, travel supplies swing",17.71,5.43,38,2,69.33935629587805
Nordic Adult Rocking Chair Washable Technology Cloth Lazy Sofa Lounge Chair Balcony Sun Recline Adjustable Ergonomic Deckchair,140.63,78.85,16,2,43.930882457512624
"Outdoor Sofa Four Piece Set, with Soft Cushion and Tempered Glass Table, Willow Wicker Garden Sofa",236.96,136.18,6,2,42.5303848750844
"Outdoor Sofa Four Piece Set, with Soft Cushion and Tempered Glass Table, Willow Wicker Garden Sofa",236.96,136.18,6,2,42.5303848750844
Wooden Folding Picnic Table Outdoor Portable Holder Round Foldable Desk Wine Glass Rack Collapsible Table For Garden Party,17.46,3.79,43,2,78.29324169530356
"Office Desk Mat,Non-Slip PU Leather Desk Blotter, Computer Desk Pad, Waterproof Desk Writing Pad for Office and Home 60cm x 35cm",5.94,0.99,32,2,83.33333333333333
GIANXI Summer Outdoor Folding Chair Adult Siesta Artifact Living Room Simple Lounge Chair Siesta Artifact With Mattress Camp Bed,61.32,28.38,36,2,53.71819960861056
"Glass Display Cabinet, White Floor Standing Glass Bookshelf, Glass Display Case with 4 Clear Dividers for Collectibles",455.74,267.44,10,2,41.3174178259534
Small Wooden Stool Round Polished Modern Storage Flower Pot Stand Eco-friendly Wooden Color Children's Stool Home Accessories,10.45,10.45,31,2,0.0
Portable Folding Telescopic Stool Lightweight Plastic Subway Queuing Chair Outdoor Camping Chair Fishing Seat with Carry Bag,30.18,11.2,900,2,62.88933068257124
"Dressing Cabinet, 9-drawer Dresser, Chest of Drawers with Fabric Storage Bins, Tall Dresser with Wooden Tops",97.02,47.01,10,2,51.54607297464441
"Make-up Dresser with Light and 2 Mirrors, Set, Dresser with Drawers, Bedroom Dresser Black Dressers for Bedroom",437.19,212.6,6,2,51.37125734806377
"70.8"" Large Kitchen Dining Room Table for 6-8 People, Rustic Grey Farmhouse Industrial Wood Style Rectangle Apartment Dinning",280.03,162.02,7,2,42.141913366425015
Shoe Rack Storage Organizer 5-7laye Shoe Cabinets Shoes Storage Rack Space Saving Sneakers Organizer for Wall Corner Shoes Shelf,16.55,10.55,54,2,36.25377643504532
"82"" L-Shape Sofa Reversible Sleeper, Pull Out Bed, Storage Chaise and Arms, Corner Couch for Living Room, Linen Sectional Sofa",608.66,359.2,5,2,40.98511484244077
Adjustable 9 Tier Shoe Rack Organizer 72-90 Pairs Sturdy Waterproof Fabric Space Saving Closet Entryway Bedroom Storage Solution,102.04,30.73,3,2,69.88435907487259
"L Shaped Gaming Desk,Power Outlet and Pegboard,Gaming Desk with Led Lights,Sturdy Desk for Home Office Writing",290.55,168.33,13,2,42.065049044914815
Ergonomic Feet Pillow Relaxing Cushion Support Foot Rest Under Desk Feet Stool for Home Office Computer Work Foot Rest Cushion,7.76,1.76,27,2,77.31958762886599
"Chaise Longue Sofa Bed with Removable Armrests, 2 Cup Holders, Grey",291.02,172.11,5,2,40.859734726135656
"Dresser Set, Dressing Table, Lighting Mirror, Power Strip and Hair Dryer Holder, Dresser with Drawers, Bedroom Storage Shelf",446.13,191.8,1,2,57.00804698182144
Homall Computer Racing Style Pu Leather Ergonomic Adjusted Reclining Video Gaming Single Sofa Chair with Footrest Headrest,304.13,153.6,5,2,49.49528162299017
"Convertible Sectional Sofa Couch, Modern Chenille Fabric U-Shaped, 4-Seat with Long Chaise for Living Room, Gray Free Shipping",632.34,373.4,8,2,40.949489198848724
European Style Bedside Modern Minimalist Mini Storage Rack Living Room Small Square Table Magazine Table Small Coffee Table,36.64,20.54,62,2,43.9410480349345
Adjustable Laptop Desk Stand Portable Aluminum Ergonomic Lapdesk For TV Bed Sofa PC Notebook Table Desk Stand With Mouse Pad,52.47,25.49,600,2,51.41985896702877
Folding Multi-Layer Shoe Cabinet Large Capacity Dust Proof Storage Shelf Phyllostachys Pubescens Easy Installation Shoe Racks,65.36,36.65,37,2,43.92594859241126
1 Stainless Steel Shoe Rack 3-Layer Tower Storage Shelf Entryway Shoes Organizer Metal Stackable Cabinet Closets Shoe Holder,8.65,7.15,41,2,17.341040462427745
Smart Bedside Table with Wireless USB Charging LED Ultra Narrow Smart Bedside Table Narrow Smart Nightstands,108.02,60.56,5,2,43.93630809109424
Bay Window Dressing Table Simple Bedroom Makeup Table Small Unit Type Minimalist and Modern Small Dressing Table,46.45,20.04,4,2,56.85683530678149
"Outdoor Table and Chairs Set,All-Weather for Backyard, Outdoor Table and Chairs Set",473.78,279.77,4,2,40.9493857908734
1pc Sequin Inflatable Sofa Colorfull Sequin Lazy Sofa Bean Bag Chair Lounger Living Room Bedroom Office Lounge Chair Lounger,10.75,0.99,26,2,90.79069767441861
No Need To Install Wardrobe Household Bedroom Folding Simple Cloth Wardrobe Steel Frame Storage Cabinet Wardrobe Rental Room,98.72,47.31,5,2,52.07658022690437
"MUMUCC Multifunctional Laptop Desk With Cushion and Filled with Foam Particles, Small Pillow Table, Hard Mouse Pad Large",21.64,6.55,600,2,69.73197781885398
"67 Inch Large Capacity Portable Closet Wardrobe with Non-Woven Fabric Cover, 4 Hanging Rods, 8 Shelves - Black Clothes Storage",72.76,42.16,17,2,42.05607476635515
Household Pulley Low Stool Multi-functional Children Walking Round Stool 360 Degree Rotation With Universal Wheel Home Soft Seat,14.85,8.85,46,2,40.4040404040404
"Bar Table and Chair Set for 5 Piec, Counter Height Pub Table and 4 PU Soft Stools with Backrest, Dining Table Set",218.4,125.04,1,2,42.747252747252745
Office Comfort Footrest Under Desk Non-Skid Relieve Foot Pedal Foot Office Footrests Fatigue 2023 T9R9,11.15,5.15,60,2,53.81165919282511
Double door folding simple cloth wardrobe thickened and thickened 19mm steel pipe single person storage wardrobe,54.65,52.15,0,2,4.574565416285453
Card Folding Stool Portable Outdoor Camping and Fishing Multi Functional Handheld Basket Folding Stool Portable Stool,5.53,0.99,41,2,82.09764918625679
1/12 Scale mini house Miniature Round Wooden Coffee Table (White),3.86,0.99,23,2,74.35233160621763
Stackable Shoe Rack Multi-Layer Installation-Free 3-4 Tier Household Multifunctional Space Saving X-Shaped Shoe Rack,53.97,24.64,1,2,54.345006485084305
"Simplicity Coffee Table Bedside Storage Rack , Mini Sofa Side Table, Home Living Room Side Table Corner Table",30.19,27.69,5,2,8.280887711162636
Pooping Stool for Adults Bathroom Posture Toilet Foot Step Footstool,13.86,7.86,10,2,43.290043290043286
1:12 Wood Trim Mini Vintage Night Table Mini Wood Retro Bedside Table Mini House Adornment Cabinet Model Bedroom Decoration,3.63,3.63,12,2,0.0
Under Feet Stool Chair Under Desk Footrest Foot Resting Stool With Rollers Massage Foot Stool For Home Office Toilet Footstool,9.78,3.78,48,2,61.34969325153374
3-Seat Swing Seat and Ceiling Cover Garden Swing Hammock Tent Waterproof UV Protection Courtyard Swing Cover (not include swing),25.95,19.95,10,2,23.121387283236995
Porch Swing Awning Replacement Waterproof Swing Canopy Garden Outdoor Hammock Swing Awning,13.77,7.77,2,2,43.57298474945534
"Dining Table Set for 4, Bar Tables and Chair Sets Faux Marble Counter Height Dining Tables Set with 4 PU Upholstered Stool Table",265.2,157.62,1,2,40.5656108597285
Adjustable Laptop Desks Widen Computer Table with Wheels Mobile Storage Desk Simple Study Table Desktop Household Reading Desk,64.65,28.91,30,2,55.28228924980666
Acrylic Drink Table Clear Small Round End Table For Drinks Modern Living Room Side Table For Drinks Snacks Phones Coffee Drink,37.19,37.19,111,2,0.0
"Capacity Portable Closet Wardrobe with Non-Woven Fabric Cover, Hanging Rods, Shelves - Black Clothes Storage Organizer",67.96,26.62,1,2,60.82989994114184
"Metal Wardrobe Cabinets with Lock, Clothing Locker Storage Cabinets for Home Room, Fire Department, School, Employee, Gym",281.6,148.88,15,2,47.13068181818183
Garden Wearable Stool Lightweight Bench Chair Seat Round Stool Outdoor Fishing Chair for Outside Gardening Planting Fishing Farm,10.28,4.28,37,2,58.365758754863805
Office Home Leg Up Relaxing Cushion Pillow Soft Footrest Foot Rest Pillow PVC Inflatable,3.75,3.75,33,2,0.0
Foot Rest Under Desk Foot Rest Massage Pad Ergonomic Footrest Stool for Home Office Bathroom Travel K0R1,11.76,5.76,11,2,51.02040816326531
Bunk Bed Twin Over Full Sturdy Steel Metal Bed Frame with Flat Ladder and Guardrail for Children/Teens/Adults Black,406.59,239.45,2,2,41.1077498216877
Transparent Folding Table Acrylic Portable Sofas Side Table North Europe Style Simple Design Sturdy And Stable Acrylic Tables,74.6,41.83,39,2,43.92761394101877
"HOMIDEC Shoe Rack, 6 Tier Shoe Storage Cabinet 24 Pair Plastic Shoe Shelves Organizer for Closet Hallway Bedroom Entryway",80.77,37.89,2,2,53.08901819982667
"Foldable Bed Tray, Lap Desk with Fold-Up Legs, Freestanding Portable Table for Laptop, Tablet, Reading, Black",26.63,12.64,20,2,52.534735260983844
Super Load-bearing Shoe Rack Multi-layer Space-saving DIY Household Organizer Simple Multi-functional Economic Shoe Storage Rack,21.99,6.97,121,2,68.30377444292861
"Shoe Rack, Household Integrated Clothes Rack, Multifunctional Storage Shoe Cabinet, Hat Rack, Multi-layer Group Device, Shelf",49.6,18.8,32,2,62.096774193548384
Shoe rack home indoor door storage artifact dormitory college students small simple multi-layer dustproof shoe cabinet,31.27,11.2,7,2,64.18292292932523
Computer Desk - Office Writing Work Student Study Modern Simple StyleWooden Table Desk Table,92.17,53.8,6,2,41.62959748291201
Dining Chair Home Nordic Modern Simple Sponge Backrest Chair Iron Light Luxury Restaurant Dining Table and Chair Coffee Chair,110.6,56.01,28,2,49.35804701627487
Acrylic Drink Table Clear Small Round End Table For Drinks Modern Living Room Side Table For Drinks Snacks Phones Coffee Drink,38.13,32.13,128,2,15.735641227380015
Wooden Outdoor Folding Picnic Table Portable Holder Round Foldable Desk Wine Glass Rack Collapsible Table For Garden Party,16.76,4.06,49,2,75.77565632458236
"Nightstand, End Table, Side Table with 2 Hand Made Rattan Decorated Drawers, Nightstands Set of 2,Wood Accent Table with Storage",117.11,58.41,13,2,50.12381521646315
"Dining Table Set for 4, Dinner Room Tables, Kitchen Tables, Square Glass Kitchen Tables with 4 Chair, Dining Table Set",287.82,166.69,2,2,42.08533110972135
"Shoe Cabinet, 4 Tier Revolving Shoe Storage with 4 Wheels, 360 Spinning Wood Round ,Grey, Shoe Cabinets Shoes Rack",134.81,65.9,2,2,51.11638602477561
Stackable Shoe Rack Multi-layer Space Saving Organizer Shelf Plastic Shoe Storage Racks for Entry Door Shoes Cabinet,48.22,25.95,89,2,46.184155951887185
Folding Stool Stepladder Easy To Hold Lightweight Indoor Outdoor Travel Bath Easy To Carry Children Adults Non-slip,7.7,1.7,25,2,77.92207792207793
Multi-Layer Removable Shoes Rack Save Space For Household Sneaker Organizer Detachable Shoe Cabinets Shoe Organizer And Storage,36.48,17.95,2,2,50.79495614035088
2024 Assemble Dustproof Wardrobe Folding Household Multi-Layer Storage Locker Large Capacity Portable Clothes Organizer Cabinet,49.84,48.34,43,2,3.0096308186195824
Folding Multi-Layer Shoe Cabinet Dust Proof Large Capacity House Storage At Home Door Space-Saving Simplicity Shelf Shoe Racks,65.36,36.65,23,2,43.92594859241126
Simple Shoe Rack Multi-Layer Space Saving Shoe Rack DIY Home Use Multifunctional Organizer Multifunctional Economic Shoe Rack,22.21,7.33,13,2,66.9968482665466
Nordic Adult Rocking Chair Anti-Fouling Simple Modern Foldable Rocking Chairs Balcony Bedroom Lazy Relaxing Reclining Chair,129.19,63.76,6,2,50.64633485563898
Simple wardrobe modern minimalist bedroom storage single person economy fabric wardrobe 19mm steel pipe 75CM,57.14,51.14,0,2,10.500525026251314
Lazy Rocking Chair Washable Technology Cloth Adjustable Backrest Angl Simple Bedroom Net Red Lazy Balcony Leisure Rocking Chair,136.92,76.77,48,2,43.930762489044696
Under Desk Footrest Ergonomic Foot Stool with Massage RollersMassage Foot Stool Under Desk For Home Office Toilet,21.11,21.11,30,2,0.0
Rotating Stool Chair 360 Rolling Adjustable Round Rolling Stool With Wheels Rotatable Swivel Saddle Stool For Kitchen Spa Bar,13.52,13.52,11,2,0.0
New Wholesale Simple Shoe Rack Multi-layer Space-saving DIY Household Organizer Multi-functional Economic Shoe Storage Racks,24.22,8.54,24,2,64.73988439306359
Wood Bedside Step Stool Household Bedroom Step Stool Kids Multipurpose Stepping Stool Adults Bathroom Kitchen Wood Step Stool,15.25,9.25,14,2,39.34426229508197
Desk Footrest Adjustable Under Foot Rest for Under Desk at Work with Massage Foot Stool Under Desk 5 Height Position Adjustment,11.45,5.45,27,2,52.40174672489083
Transparent Folding Chair And Table Acrylic Simple Design Stable And Balanced Dining Chair Household Outdoor Graden Living Room,53.65,22.97,12,2,57.18546132339236
Double Lounge Chair Living Room Light Luxury Rocking Chairs Comfort Detachable Recliner Sofas Modern Minimalist Rocking Chair,139.36,76.64,21,2,45.00574052812859
Toilet Step Stool Shoe Bench Seat Toilet Foot Stool For Adults Bedpan Potty Squatting Toilet Seat Stool Home Bathroom Accessory,13.76,7.76,10,2,43.604651162790695
Swing Cover Waterproof Cover Outdoor Hammock Canopy Patio Chair For Porch Replacement Seat Garden Hanging Chair Dust Proof Cover,15.02,9.02,24,2,39.94673768308922
Folding Multi-Layer Shoes Cabinet Large Capacity Dustproof Storage Shelf Layered Storage Racks Simple And Innovative Shoe Rack,68.88,32.7,9,2,52.52613240418118
2-Tier White Marble Side Table Round Coffee Table Nightstand Jewellery Storage,99.99,55.99,42,2,44.004400440044
Japanese-style Portable Household Folding Stool Kids Child Plastic Stool Outdoor camping fishing stool,12.74,6.74,137,2,47.09576138147567
"12 Pack Large Shoe Organizer Storage Boxes for Closet, Modular Space Saving Clear Plastic Stackable Sneaker Container",81.2,32.6,4,2,59.85221674876847
"Spacious & Durable Stainless Steel Wardrobe with Dustproof Cover: Ideal Organizer for Bedroom, Dorm, Home",125.48,64.35,10,2,48.71692700031878
Creative shoe changing stool modern style dice Rubik's cube stool entrance creative shoe changing living room sofa stool,26.92,9.09,2,2,66.2332838038633
LEEGOHOME Wardrobe 170x45x170cm 26mm Painted Alloy Steel Pipe ABS Interface Wholesale Purchasing Cloth Wardrobe 5-7Days Delivery,46.08,18.54,7,2,59.765625
"VEVOR 26.4""-44.9"" Gas-Spring Height Adjustable Sit-Stand Desk with 360° Swivel Wheels Home Office Rolling Laptop Table Tiltable",104.98,56.99,43,2,45.71346923223471
Small Footstool Ottoman Desk Rest Foot Ottoman Footstool Portable Footrests Foot Stool Leg Rest High Padded Foot Rest,35.23,32.73,45,2,7.0962248084019315
Footstools Ottomans Leisure Stool Change Shoe Stool Foot Rest Stool Small Footstool for Bedroom Nursery Bedside Entryway Doorway,13.46,7.46,14,2,44.57652303120357
1Pc Folding Step Stool Plastic Foldable Stool Outdoor Fishing Stool Portable Camping Fishing Chair Stepping Stool 24x19.5x18.5cm,8.86,2.86,8,2,67.72009029345372
Shoes Organizer Women's Luxury Belt Luxury Bag Sss Grade 2023 Recommended Mall Cabinet Shoe-shelf Shoerack Living Room Cabinets,19.44,19.44,393,2,0.0
Footrest for under Desk Ergonomic Desk Leg Rest Rocker Balance Board Comfortable Foot Stool for Gaming Computer Desk Home Office,9.74,9.74,30,2,0.0
"Dining Table Set for 6,Farmhouse Kitchen Table Set with 4 Upholstered Chairs and 1 Bench,Solid Wood Dining Table Set for Kitchen",762.6,451.56,2,2,40.786782061369
"Portable Closet Large Wardrobe Closet Clothes Organizer with 6 Storage Shelves, 4 Hanging Sections 4 Side Pockets,Black",75.15,31.57,12,2,57.99068529607452
Swing Chair Cover Outdoor Garden Swing Chair Waterproof Dustproof Protector Seat Cover Grey,13.15,7.15,71,2,45.627376425855516
Folding Stool Stepladder Easy To Hold Lightweight Indoor Outdoor Travel Bath Easy To Carry Children Adults Non-slip,7.78,1.78,51,2,77.12082262210797
New Small Household Shoe Changing Stool Small Chair Ins Sofa Living Room Foot Rest Stool Tea Table Children Bathroom Footstool,15.01,9.01,12,2,39.973351099267155
"Closet Wardrobe, 64.5-inch Portable Closet for Bedroom, 3 Clothes Rail Clothes Rail with Fabric Cover, Clothes Storage Organizer",74.71,31.36,10,2,58.024360861999725
Simple Shoe Rack Multi-Layer Space Saving Shoe Rack DIY Home Use Multifunctional Organizer Multifunctional Economic Shoe Rack,21.77,6.92,47,2,68.21313734497014
Simple Open Closets Installation-Free Foldable Wardrobe For Clothes Storage Locker Metal Material Integrated Bedroom Cabinets,119.65,61.08,5,2,48.95110739657334
Acrylic Transparent Coffee Table Clear Drink Table Small Round End Modern Living Room Side Table Acrylic desk Home Decorations,37.58,31.58,5,2,15.965939329430547
Shoe Organizer Foldable Plastic Shoe Storage Boxes for Sneakers Stackable Dustproof Transparent Cabinet Multi Layer Shoes Rack,105.38,59.08,17,2,43.93623078382995
"1pc Large Capacity Clothes Storage Wardrobe with Dustproof Cover - Easy-to-Assemble, Sturdy Frame Organizer for Bedroom, Dorm",66.85,31.48,6,2,52.90949887808526
Nordic Leather Dining Room Chairs Drawing Room Home Coffee Chairs Metal Frame Nordic Luxury Dining Chairs,131.32,66.23,30,2,49.565945781297586
Simple Wardrobe Portable Assembly Storage Closet Large Capacity Bedroom Durable and Sturdy Clothes Dustproof Wardrobe,81.46,39.67,13,2,51.30125214829363
Ergonomic Office Footrest Portable Foot Rest Under Desk Feet Stool for Home Office Work Foot Resting Stool with Massage Rollers,50.71,24.44,369,2,51.804377834746596
Multi-layer Shoe Rack Storage Organizer Cupboard Shoerack Plastic DIY Assembly Bedroom Cabinets Shoe-shel Orange or Pale,30.81,10.95,3,2,64.45959104186953
Office Chairs for Living Room Portable Shoe Rack Organizer Storage Cabinet Chaise Lounge Dining Tables Shoe-shelf Canopy Shoes,35.57,29.57,275,2,16.86814731515322
"Simple Clothes Storage Closet, Large Wardrobe, Durable Clothes Storage Rack for Shirts, Dress, Quilts, 1Pc",101.09,50.68,2,2,49.86645563359383
"Clothes Storage Wardrobe with Dustproof Cover, Large Storage Closet with Steel Frame, Durable Rack, 1Pc",83.8,46.98,10,2,43.937947494033416
Swing Chair Cover Outdoor Garden Swing Chair Waterproof Dustproof Protector Seat Cover Blackish Green,9.1,3.1,15,2,65.93406593406593
Shoe Organizer Shoe Shoe-shelf Dining Room Sets Folding Bathtub Women's Wallets Card Wallet Luxury High Brand Bag Cabinet Rack,26.37,20.37,24,2,22.753128555176335
Mattress Topper Shelf Folding Plastic Cabinet Wardrobe for Bedroom Living Room Drawer Open Closets Dresser Storage Locker Closet,26.48,20.48,280,2,22.658610271903324
Indoor Outdoor Tassels Hammock Garden Patio White Cotton Swing Chair Bedroom Romantic Hanging Bed Beach Hammocks Chair,25.02,22.52,13,2,9.992006394884093
"Portable Folding Laptop Desk, Mini Foldable Camping Table, Folding Picnic Table with Storage Space, Mini Lap Desk Reading Holder",31.47,25.47,60,2,19.065776930409914
"Computer Desk, Modern Simple Style Desk for Home Office, Study Student Writing Desk",135.92,75.55,2,2,44.41583284284873
"Swing Chair Cover Outdoor Garden Swing Chair Waterproof Dustproof Protector Seat Cover, Blue",8.82,8.82,14,2,0.0
Wooden Outdoor Folding Picnic Table Portable Holder Round Foldable Desk Wine Glass Rack Collapsible Table For Garden Party,12.81,7.18,16,2,43.95003903200625
Portable Clothes Closet Wardrobe Non-Woven Fabric Wardrobe Sturdy Durable Water-proof Double Rod Clothes Storage Organizer,56.14,25.48,2,2,54.613466334164585
Wood Shoe Rack Multi-layer Organized Stand Holder Anti-Vibration Space Saving Easy To Assemble Household Bamboo Simple Shoe Rack,87.69,46.66,2,2,46.78982780248603
Portable Plastic Folding Stool Multi Purpose Cartoon Children's Stool Stepstool Outdoor Hiking Fishing Foldable Stool Chair WF,8.37,8.37,20,2,0.0
Smart Bedside Tables LED Ultra Smarts Bedside Table Minimalisms Night Stand with Drawer with Wireless USB Charging Minimalism,107.72,60.39,14,2,43.93798737467508
Non-Woven Wardrobe Portable Clothes Closet Fabric Wardrobe Sturdy Durable Waterproof Double Rod Storage Organizer,71.43,34.05,10,2,52.330953380932385
Creative Small Wood Chair Household Shoe Changing Stool Ins Sofa Living Room Foot Rest Stool Tea Table Children Bathroom Footsto,34.16,28.16,26,2,17.56440281030444
"Footstool, Modern Velvet Round, Powder Room Makeup Chair, Makeup Bench Footstool with Gold Legs Modern Feature Footstool",54.15,21.08,1,2,61.07109879963066
"Outdoor Aluminum Furniture Set, 5 Pieces Patio Sectional Conversation Chat Sofa Modern Seating Set with Coffee Table",1655.19,937.46,3,2,43.36239344123635
White Mini Table Modern Computer Desk 63 Inch Large Office Desk Folding Dining Table Set End of Tables Mobile Kitchen Furniture,280.67,163.9,1,2,41.604018954644246
"Cushions for Patio Furniture Replacement, Patio Furniture Cushions, Deep Seat Cushions, Outdoor Seat Cushions",449.85,263.91,15,2,41.333777925975326
LEEGOHOME Wardrobe 170x45x170cm 26mm Painted Alloy Steel Pipe ABS Interface Wholesale Purchasing Cloth Wardrobe 5-7Days Delivery,46.08,18.54,7,2,59.765625
"13PCS Outdoor Patio Furniture Set with 43"" 55000BTU Gas Propane Fire Pit Table PE Wicker Rattan Sectional Sofa Patio Sets",1291.24,1001.17,3,2,22.464452774077635
"Black Kitchen Table and Chairs for 4, Compact Furniture 5-Piece Dining Room Table Set Faux Marble Table",427.16,143.51,1,2,66.40368948403409
"Daybed with Trundle, Modern Linen Upholstered Day Bed Button-Tufted Sofa Daybed Frame and A Trundle, Daybed",423.55,248.13,2,2,41.41659780427341
Small Japanese Luxury Coffee Tables Unusual Entryways Modern Corner Coffee Table Cute Round Mesa De Centro Living Room Furniture,314.56,151.28,15,2,51.90742624618515
"84""W Modern Couch with Deep 3-Seat, Full Handcrafted Button Tufted and Wide Rolled Arms, 3 Seater Sofa in Linen Upholstered",1632.54,320.51,8,2,80.36740294265378
"Living Room Sofa, 149-Inch U-Shaped Sectional Sofa with Ottoman, Convertible 6 Seat Sofa Bed, Linen Sectional Couch, Beige",1239.31,613.66,2,2,50.4837369181238
"5 Piece Patio Conversation Set, Wicker Rattan Lounge Chairs with Soft Cushions 2 Ottoman&Glass Table, Garden Furniture Set",392.22,232.83,5,2,40.6379072969252
"Vanity Table Set with Mirror 2 Storage Drawer Makeup Desk Cushioned Stool Set Modern Dressing Vanity Table for Bedroom, White",135.02,102.02,1,2,24.44082358169161
"White Vanity Desk with Mirror, Lights and Charging Station - Large Makeup Table Set with RGB Cabinets and 3 LED Light Modes",950.85,188.67,11,2,80.15775358889415
PP Folding Stools Portable Lightweight Chairs For Picnic BBQ Beach Bathroom Kitchen Office Garden Camping Fishing Outdoor,7.27,1.27,9,2,82.53094910591471
Folding Chair And Table Acrylic Transparent Dining Chair Household With Backrest Modern Nordic Style Portable Foldable Furniture,76.93,39.04,0,2,49.2525672689458
